snapshot_id,captured_at_utc,top15_position,filter_rule,source_primary,source_verify,coinpaprika_id,market_cap_rank,name,symbol,asset_type,sector_primary,sector_tags,narrative_summary,price_usd,change_24h_pct,volume_24h_usd,market_cap_usd,turnover_ratio_24h,liquidity_bucket,binance_status,binance_pair,binance_last_price,binance_change_24h_pct,binance_quote_volume_usd,binance_trade_count_24h,activity_bucket,trade_activity_24h,price_diff_pct_vs_binance,change_diff_pct_points_vs_binance,volume_vs_binance_ratio,website,source_code,explorer,source_last_updated,meta_fetched_at
20260313T092333Z,2026-03-13T09:23:33.781306+00:00,1,24h_volume_usd_gt_150m,CoinPaprika,Binance,trump-official-trump,88,OFFICIAL TRUMP,TRUMP,token,Meme,"['Solana (SOL) Token', 'President Meme Coin', 'Meme Coin', 'Made in USA']","OFFICIAL TRUMP (TRUMP) is a cryptocurrency designed to support and promote the legacy of Donald Trump, aiming to engage his supporters within the blockchain ecosystem. It utilizes fan-driven initiatives to enhance…",3.6659304376421744,28.73,349687548.86906826,733184354.0,0.4769435503653264,MediumHigh,matched,TRUMPUSDT,3.728,30.899,68305672.466847,644706,High,644706,-1.6649560718300909,-2.1690000000000005,5.11945108276027,https://gettrumpmemes.com,,,2026-03-13T09:20:23Z,2026-03-13T09:23:34.236550+00:00
20260313T092333Z,2026-03-13T09:23:33.781306+00:00,2,24h_volume_usd_gt_150m,CoinPaprika,Binance,tao-bittensor,44,BitTensor,TAO,coin,AI,"['Cryptocurrency', 'AI (Artificial Intelligence)', 'Big Data & Data Storage', 'DAO', 'Distributed Computing', 'Oracles']",BitTensor (TAO) is a decentralized ecosystem that enables artificial intelligence training by allowing users to contribute computing power and be rewarded in TAO tokens. It aims to create a collaborative network for…,235.8309760650714,13.86,275149891.52908975,2263385670.0,0.12156562408963636,Qualified,matched,TAOUSDT,237.3,15.7,42932808.45753,230691,Moderate,230691,-0.6190577054060684,-1.8399999999999999,6.408849115968586,https://bittensor.com,https://github.com/opentensor/BitTensor,https://bittensor.com/scan,2026-03-13T09:20:08Z,2026-03-13T09:23:34.852173+00:00
20260313T092333Z,2026-03-13T09:23:33.781306+00:00,3,24h_volume_usd_gt_150m,CoinPaprika,Binance,sui-sui,32,Sui,SUI,coin,Layer1,"['Cryptocurrency', 'Platform', 'Smart Contracts', 'Proof Of Stake', 'Layer 1 (L1)', 'Binance Launchpool', 'Made in USA']","Sui (SUI) is a scalable Layer 1 blockchain designed for secure and fast transactions, facilitating new decentralized applications and opportunities in the Web3 ecosystem. Its innovative architecture aims to optimize…",1.0315832955326159,5.6,477141805.28412926,4023159057.0,0.11859879227343441,MediumHigh,matched,SUIUSDT,1.0357,6.488,47436764.35347,351879,Moderate,351879,-0.39748039658049755,-0.8880000000000008,10.058481259993998,https://sui.io/,https://github.com/MystenLabs,https://suiscan.xyz/mainnet/home,2026-03-13T09:20:08Z,2026-03-13T09:23:35.500665+00:00
20260313T092333Z,2026-03-13T09:23:33.781306+00:00,4,24h_volume_usd_gt_150m,CoinPaprika,Binance,pepe-pepe,53,Pepe,PEPE,token,Meme,"['Ethereum (ETH) Token (ERC-20)', 'Binance Coin (BNB) Token (BEP-20)', 'Arbitrum Ecosystem', 'Frog Meme Coin', 'Meme Coin']","Pepe (PEPE) is a meme-inspired cryptocurrency that represents the popular Pepe the Frog character, aiming to capture the community-driven spirit of internet culture. It has gained popularity as a playful and…",3.45527494725588e-06,4.79,279595673.67495996,1453599618.0,0.19234710178285144,Qualified,matched,PEPEUSDT,3.46e-06,6.135,40824505.32723886,121267,Moderate,121267,-0.13656221803815316,-1.3449999999999998,6.848721654648161,https://www.pepe.vip/,,,2026-03-13T09:20:10Z,2026-03-13T09:23:36.223372+00:00
20260313T092333Z,2026-03-13T09:23:33.781306+00:00,5,24h_volume_usd_gt_150m,CoinPaprika,Binance,aave-new,49,Aave,AAVE,token,DeFi,"['Platform', 'Smart Contracts', 'Ethereum (ETH) Token (ERC-20)', 'Marketplace', 'Loans', 'Finance & Banking', 'DeFi', 'Binance Coin (BNB) Token (BEP-20)', 'Made in USA']","Aave (AAVE) is a decentralized finance (DeFi) protocol that allows users to lend and borrow cryptocurrencies without intermediaries, utilizing smart contracts on the Ethereum blockchain. Its native token, AAVE, is used…",114.65901653030743,4.64,279433458.6756671,1728279549.0,0.1616830210351966,Qualified,matched,AAVEUSDT,114.64,5.368,14603428.37634,184351,Moderate,184351,0.016588041091613076,-0.7280000000000006,19.134784755639718,https://aave.com/,https://github.com/aave,,2026-03-13T09:20:03Z,2026-03-13T09:23:36.414321+00:00
20260313T092333Z,2026-03-13T09:23:33.781306+00:00,6,24h_volume_usd_gt_150m,CoinPaprika,Binance,doge-dogecoin,10,Dogecoin,DOGE,coin,Meme,"['Cryptocurrency', 'Payments', 'Scrypt', 'Proof Of Work', 'Charity & Donations', 'Auxiliary Proof Of Work', 'Mining', 'Meme Coin', 'Dog Meme Coin', 'Made in USA']","Dogecoin (DOGE) is a cryptocurrency that started as a joke featuring the Shiba Inu dog from the popular meme, but it has grown into a widely used digital currency for tipping, charity, and online transactions. Initially…",0.09738181061603873,4.23,1112257105.7302086,14524272723.0,0.07657919449342804,High,matched,DOGEUSDT,0.09771,5.701,101218651.40462,944432,High,944432,-0.33588106024078607,-1.4709999999999992,10.988657626784395,https://dogecoin.com/,https://github.com/dogecoin/dogecoin,https://blockchair.com/dogecoin/?from=coinpaprika,2026-03-13T09:20:02Z,2026-03-13T09:23:36.607694+00:00
20260313T092333Z,2026-03-13T09:23:33.781306+00:00,7,24h_volume_usd_gt_150m,CoinPaprika,Binance,ada-cardano,12,Cardano,ADA,coin,Layer1,"['Decentralized Applications', 'Smart Contracts', 'Token Issuance', 'Proof Of Stake', 'Platform', 'Layer 1 (L1)', 'Alleged SEC Securities', 'Made in USA']","Cardano (ADA) is a decentralized platform that enables the development and execution of smart contracts and decentralized applications with a focus on scalability, sustainability, and interoperability. It utilizes a…",0.2718090828264001,3.86,483742471.86764795,10460235304.0,0.04624584990766551,MediumHigh,matched,ADAUSDT,0.2725,4.767,37782125.89152,176037,Moderate,176037,-0.2535475866421744,-0.9070000000000005,12.803474141623708,https://www.cardano.org,https://github.com/input-output-hk/ouroboros-network,https://cexplorer.io/,2026-03-13T09:20:02Z,2026-03-13T09:23:36.913230+00:00
20260313T092333Z,2026-03-13T09:23:33.781306+00:00,8,24h_volume_usd_gt_150m,CoinPaprika,Binance,xrp-xrp,5,XRP,XRP,coin,Payments,"['Cryptocurrency', 'Payments', 'Scalable', 'Finance & Banking', 'High Transaction Speed (TPS)', 'Made in USA']","XRP is a digital currency designed for fast and low-cost international money transfers, primarily used by the Ripple payment network. It aims to facilitate secure cross-border transactions and improve the efficiency of…",1.4327358485937578,3.69,2340726318.66384,87723310489.0,0.02668305956097443,High,matched,XRPUSDT,1.4331,4.15,203855839.74576,898491,High,898491,-0.025410048582948944,-0.4600000000000004,11.482262767566974,https://xrpl.org/,https://github.com/ripple/rippled,https://xrpcharts.ripple.com/,2026-03-13T09:20:02Z,2026-03-13T09:23:37.103900+00:00
20260313T092333Z,2026-03-13T09:23:33.781306+00:00,9,24h_volume_usd_gt_150m,CoinPaprika,Binance,sol-solana,7,Solana,SOL,coin,Layer1,"['Cryptocurrency', 'Byzantine Fault Tolerance', 'Layer 1 (L1)', 'Smart Contracts', 'Proof Of Stake', 'FTX Holdings', 'High Transaction Speed (TPS)', 'Alleged SEC Securities', 'Made in USA']","Solana (SOL) is a high-performance blockchain platform designed for decentralized applications and crypto projects, featuring fast transaction speeds and low costs. It aims to provide scalable solutions for developers…",88.85986554489585,3.04,3491318772.910257,50760033684.0,0.06878086004916799,High,matched,SOLUSDT,89.17,4.207,370177652.83425,1411802,VeryHigh,1411802,-0.34780134025361426,-1.1669999999999998,9.43146823202081,https://solana.com,https://github.com/solana-labs/,https://explorer.solana.com,2026-03-13T09:20:03Z,2026-03-13T09:23:37.145872+00:00
20260313T092333Z,2026-03-13T09:23:33.781306+00:00,10,24h_volume_usd_gt_150m,CoinPaprika,Binance,bch-bitcoin-cash,14,Bitcoin Cash,BCH,coin,Layer1,"['Proof Of Work', 'Sha256', 'Payments', 'Cryptocurrency', 'Mining', 'Layer 1 (L1)', 'Smart Contracts', 'Made in USA']","Bitcoin Cash (BCH) is a cryptocurrency that was created as a fork of Bitcoin in 2017, aiming to enable faster and cheaper transactions by increasing block size limits. It seeks to provide a more practical digital cash…",469.04962043196343,2.7,302108731.0271392,9318039852.0,0.03242191875389923,MediumHigh,matched,BCHUSDT,470.1,3.432,15213884.1362,108588,Moderate,108588,-0.22343747458766,-0.7319999999999998,19.857436031624562,https://bch.info/,https://github.com/Bitcoin-ABC/bitcoin-abc,https://www.blockchain.com/explorer?view=bch,2026-03-13T09:20:02Z,2026-03-13T09:23:37.349296+00:00
20260313T092333Z,2026-03-13T09:23:33.781306+00:00,11,24h_volume_usd_gt_150m,CoinPaprika,Binance,uni-uniswap,42,Uniswap,UNI,token,DeFi,"['Ethereum (ETH) Token (ERC-20)', 'DeFi', 'Exchange', 'Binance Coin (BNB) Token (BEP-20)', 'Huobi ECO Chain (HECO) Token', 'Optimism Ecosystem', 'Arbitrum Ecosystem', 'Polygon (MATIC) Token', 'Harmony (ONE) Token', 'Avalanche (AVAX) Token', 'Decentralized Exchange (DEX)', 'Made in USA']",Uniswap (UNI) is a decentralized exchange protocol enabling users to swap various cryptocurrencies without the need for a centralized intermediary. It operates on the Ethereum blockchain and uses an automated liquidity…,4.0053973323664,2.54,154627799.4790124,2404940990.0,0.0642958809060061,Qualified,matched,UNIUSDT,4.015,3.693,11205219.94247,80318,Low,80318,-0.23916980407472158,-1.153,13.799621986262176,https://uniswap.org/,,,2026-03-13T09:20:03Z,2026-03-13T09:23:37.687789+00:00
20260313T092333Z,2026-03-13T09:23:33.781306+00:00,12,24h_volume_usd_gt_150m,CoinPaprika,Binance,avax-avalanche,31,Avalanche,AVAX,coin,Layer1,"['Cryptocurrency', 'Platform', 'Layer 1 (L1)', 'Proof Of Stake', 'High Transaction Speed (TPS)', 'Made in USA']","Avalanche (AVAX) is a decentralized platform designed for launching applications and custom blockchain networks, integrating high throughput with sub-second finality. It aims to provide a scalable and efficient solution…",9.826668599932228,2.51,308549912.7820127,4149559284.0,0.07435727306553472,MediumHigh,matched,AVAXUSDT,9.87,3.676,23194713.623,83613,Low,83613,-0.43902127728238244,-1.1660000000000004,13.302596350060256,https://avalabs.org,https://github.com/ava-labs,https://avascan.info,2026-03-13T09:20:03Z,2026-03-13T09:23:38.420890+00:00
20260313T092333Z,2026-03-13T09:23:33.781306+00:00,13,24h_volume_usd_gt_150m,CoinPaprika,Binance,cbbtc-coinbase-wrapped-btc,35,Coinbase Wrapped BTC,CBBTC,token,WrappedAsset,"['Ethereum (ETH) Token (ERC-20)', 'Base Ecosystem', 'Wrapped Token']","Coinbase Wrapped BTC (CBBTC) is a token that represents Bitcoin on the Ethereum blockchain, allowing users to leverage Bitcoin's value within decentralized finance (DeFi) ecosystems. It retains Bitcoin's properties…",71679.9374282009,2.43,399430597.95853215,3416839257.0,0.1169006113296749,MediumHigh,not_listed_or_no_usd_quote_found,,,,,,Unknown,,,,,https://coinbase.com/campaigns/cbbtc,,,2026-03-13T09:20:21Z,2026-03-13T09:23:38.753598+00:00
20260313T092333Z,2026-03-13T09:23:33.781306+00:00,14,24h_volume_usd_gt_150m,CoinPaprika,Binance,link-chainlink,22,Chainlink,LINK,token,DeFi,"['Smart Contracts', 'Ethereum (ETH) Token (ERC-20)', 'Off-chain', 'Assets Management', 'Blockchain Service', 'Binance Coin (BNB) Token (BEP-20)', 'Solana (SOL) Token', 'Huobi ECO Chain (HECO) Token', 'Fantom (FTM) Token', 'Polygon (MATIC) Token', 'Avalanche (AVAX) Token', 'Made in USA', 'Real World Assets (RWA)', 'DeFi']",Chainlink (LINK) is a decentralized oracle network that enables smart contracts to securely interact with real-world data and off-chain resources. It aims to bridge the gap between blockchain technology and external…,9.212431959322156,2.42,392523062.41285574,5774812697.0,0.06797156600711404,MediumHigh,matched,LINKUSDT,9.24,3.471,33123924.2986,88428,Low,88428,-0.29835541859138304,-1.0510000000000002,11.850137648981583,https://chain.link/,https://github.com/smartcontractkit/chainlink,https://arbiscan.io/token/0xf97f4df75117a78c1a5a0dbb814af92458539fb4,2026-03-13T09:20:02Z,2026-03-13T09:23:39.914943+00:00
20260313T092333Z,2026-03-13T09:23:33.781306+00:00,15,24h_volume_usd_gt_150m,CoinPaprika,Binance,btc-bitcoin,1,Bitcoin,BTC,coin,Layer1,"['Segwit', 'Cryptocurrency', 'Proof Of Work', 'Payments', 'Sha256', 'Mining', 'Lightning Network', 'Layer 1 (L1)', 'FTX Holdings']","Bitcoin (BTC) is a decentralized digital currency that enables peer-to-peer transactions without intermediaries, using blockchain technology to ensure security and transparency. It was created in 2009 by an anonymous…",71651.03024346042,2.39,37700818528.142395,1433133455242.0,0.02630656509360198,VeryHigh,matched,BTCUSDT,71756.0,3.052,1924715135.3295846,4914415,VeryHigh,4914415,-0.14628707918442546,-0.6619999999999999,19.587739419779943,https://bitcoin.org/,https://github.com/bitcoin/bitcoin,https://blockchair.com/bitcoin/?from=coinpaprika,2026-03-13T09:20:02Z,2026-03-13T09:23:40.123560+00:00
20260313T093248Z,2026-03-13T09:32:48.434304+00:00,1,24h_volume_usd_gt_150m,CoinPaprika,Binance,trump-official-trump,87,OFFICIAL TRUMP,TRUMP,token,Meme,"['Solana (SOL) Token', 'President Meme Coin', 'Meme Coin', 'Made in USA']",['Meme'],"OFFICIAL TRUMP (TRUMP) is a cryptocurrency designed to support and promote the legacy of Donald Trump, aiming to engage his supporters within the blockchain ecosystem. It utilizes fan-driven initiatives to enhance…",3.6911595144846103,29.59,Explosive,420336906.8954139,738230157.0,Small,0.5693846328407495,VeryHigh,MediumHigh,matched,VerifiedLoose,TRUMPUSDT,3.737,31.169,68936484.182974,654930,High,654930,-1.2266653870856241,-1.5790000000000006,6.097452051365699,"['MemeVolatility', 'HighTurnover', 'ShortTermOverheat']",https://gettrumpmemes.com,,,2026-03-13T09:30:22Z,2026-03-13T09:23:34.236550+00:00
20260313T093248Z,2026-03-13T09:32:48.434304+00:00,2,24h_volume_usd_gt_150m,CoinPaprika,Binance,tao-bittensor,44,BitTensor,TAO,coin,AI,"['Cryptocurrency', 'AI (Artificial Intelligence)', 'Big Data & Data Storage', 'DAO', 'Distributed Computing', 'Oracles']","['AI', 'Oracle']",BitTensor (TAO) is a decentralized ecosystem that enables artificial intelligence training by allowing users to contribute computing power and be rewarded in TAO tokens. It aims to create a collaborative network for…,237.16116356338532,12.48,VeryStrong,277705716.42623794,2276152133.0,Mid,0.12200665869386242,Moderate,Qualified,matched,VerifiedStrong,TAOUSDT,238.3,15.961,43142805.65709,234007,Moderate,234007,-0.47790030911233566,-3.481,6.43689514848695,[],https://bittensor.com,https://github.com/opentensor/BitTensor,https://bittensor.com/scan,2026-03-13T09:30:08Z,2026-03-13T09:23:34.852173+00:00
20260313T093248Z,2026-03-13T09:32:48.434304+00:00,3,24h_volume_usd_gt_150m,CoinPaprika,Binance,sui-sui,32,Sui,SUI,coin,Layer1,"['Cryptocurrency', 'Platform', 'Smart Contracts', 'Proof Of Stake', 'Layer 1 (L1)', 'Binance Launchpool', 'Made in USA']",['Layer1'],"Sui (SUI) is a scalable Layer 1 blockchain designed for secure and fast transactions, facilitating new decentralized applications and opportunities in the Web3 ecosystem. Its innovative architecture aims to optimize…",1.0396241388132657,5.99,Strong,481909212.33611166,4054518223.0,Mid,0.11885733047206276,Moderate,MediumHigh,matched,VerifiedStrong,SUIUSDT,1.0414,6.843,47812357.62759,353208,Moderate,353208,-0.17052632866664594,-0.8529999999999998,10.07917693767996,[],https://sui.io/,https://github.com/MystenLabs,https://suiscan.xyz/mainnet/home,2026-03-13T09:30:08Z,2026-03-13T09:23:35.500665+00:00
20260313T093248Z,2026-03-13T09:32:48.434304+00:00,4,24h_volume_usd_gt_150m,CoinPaprika,Binance,pepe-pepe,53,Pepe,PEPE,token,Meme,"['Ethereum (ETH) Token (ERC-20)', 'Binance Coin (BNB) Token (BEP-20)', 'Arbitrum Ecosystem', 'Frog Meme Coin', 'Meme Coin']",['Meme'],"Pepe (PEPE) is a meme-inspired cryptocurrency that represents the popular Pepe the Frog character, aiming to capture the community-driven spirit of internet culture. It has gained popularity as a playful and…",3.4749990894881e-06,4.91,Positive,278801378.95287275,1461897367.0,Mid,0.19071200567589008,High,Qualified,matched,VerifiedStrong,PEPEUSDT,3.48e-06,6.422,40739236.15884113,120858,Moderate,120858,-0.14370432505460354,-1.5119999999999996,6.843559311368383,['MemeVolatility'],https://www.pepe.vip/,,,2026-03-13T09:30:11Z,2026-03-13T09:23:36.223372+00:00
20260313T093248Z,2026-03-13T09:32:48.434304+00:00,5,24h_volume_usd_gt_150m,CoinPaprika,Binance,doge-dogecoin,10,Dogecoin,DOGE,coin,Meme,"['Cryptocurrency', 'Payments', 'Scrypt', 'Proof Of Work', 'Charity & Donations', 'Auxiliary Proof Of Work', 'Mining', 'Meme Coin', 'Dog Meme Coin', 'Made in USA']","['Meme', 'Payments']","Dogecoin (DOGE) is a cryptocurrency that started as a joke featuring the Shiba Inu dog from the popular meme, but it has grown into a widely used digital currency for tipping, charity, and online transactions. Initially…",0.09772737946328605,4.41,Positive,1131342609.3927639,14575813521.0,Large,0.07761780210502763,Moderate,High,matched,VerifiedStrong,DOGEUSDT,0.09816,6.062,101633541.52597,947666,High,947666,-0.4407299681274916,-1.6520000000000001,11.131586997818792,['MemeVolatility'],https://dogecoin.com/,https://github.com/dogecoin/dogecoin,https://blockchair.com/dogecoin/?from=coinpaprika,2026-03-13T09:30:02Z,2026-03-13T09:23:36.607694+00:00
20260313T093248Z,2026-03-13T09:32:48.434304+00:00,6,24h_volume_usd_gt_150m,CoinPaprika,Binance,aave-new,49,Aave,AAVE,token,DeFi,"['Platform', 'Smart Contracts', 'Ethereum (ETH) Token (ERC-20)', 'Marketplace', 'Loans', 'Finance & Banking', 'DeFi', 'Binance Coin (BNB) Token (BEP-20)', 'Made in USA']",['DeFi'],"Aave (AAVE) is a decentralized finance (DeFi) protocol that allows users to lend and borrow cryptocurrencies without intermediaries, utilizing smart contracts on the Ethereum blockchain. Its native token, AAVE, is used…",114.6289424237453,4.09,Positive,279980489.35017836,1727826236.0,Mid,0.1620420407542523,High,Qualified,matched,VerifiedStrong,AAVEUSDT,114.9,5.471,14623587.72435,184827,Moderate,184827,-0.2359073770711098,-1.3810000000000002,19.14581391569032,[],https://aave.com/,https://github.com/aave,,2026-03-13T09:30:03Z,2026-03-13T09:23:36.414321+00:00
20260313T093248Z,2026-03-13T09:32:48.434304+00:00,7,24h_volume_usd_gt_150m,CoinPaprika,Binance,ada-cardano,12,Cardano,ADA,coin,Layer1,"['Decentralized Applications', 'Smart Contracts', 'Token Issuance', 'Proof Of Stake', 'Platform', 'Layer 1 (L1)', 'Alleged SEC Securities', 'Made in USA']",['Layer1'],"Cardano (ADA) is a decentralized platform that enables the development and execution of smart contracts and decentralized applications with a focus on scalability, sustainability, and interoperability. It utilizes a…",0.27300890269387273,3.97,Positive,486207467.82135963,10506408883.0,Large,0.04627722690367329,Low,MediumHigh,matched,VerifiedStrong,ADAUSDT,0.2731,4.797,37851874.36671,176609,Moderate,176609,-0.03335675801071938,-0.8269999999999995,12.845003740395214,[],https://www.cardano.org,https://github.com/input-output-hk/ouroboros-network,https://cexplorer.io/,2026-03-13T09:30:02Z,2026-03-13T09:23:36.913230+00:00
20260313T093248Z,2026-03-13T09:32:48.434304+00:00,8,24h_volume_usd_gt_150m,CoinPaprika,Binance,xrp-xrp,5,XRP,XRP,coin,Payments,"['Cryptocurrency', 'Payments', 'Scalable', 'Finance & Banking', 'High Transaction Speed (TPS)', 'Made in USA']",['Payments'],"XRP is a digital currency designed for fast and low-cost international money transfers, primarily used by the Ripple payment network. It aims to facilitate secure cross-border transactions and improve the efficiency of…",1.4320809828969758,3.46,Positive,2348013373.5893435,87683214481.0,Large,0.02677836787220127,Low,High,matched,VerifiedStrong,XRPUSDT,1.4322,3.963,204299556.92407,900551,High,900551,-0.00831008958414246,-0.5030000000000001,11.492992980214865,[],https://xrpl.org/,https://github.com/ripple/rippled,https://xrpcharts.ripple.com/,2026-03-13T09:30:02Z,2026-03-13T09:23:37.103900+00:00
20260313T093248Z,2026-03-13T09:32:48.434304+00:00,9,24h_volume_usd_gt_150m,CoinPaprika,Binance,sol-solana,7,Solana,SOL,coin,Layer1,"['Cryptocurrency', 'Byzantine Fault Tolerance', 'Layer 1 (L1)', 'Smart Contracts', 'Proof Of Stake', 'FTX Holdings', 'High Transaction Speed (TPS)', 'Alleged SEC Securities', 'Made in USA']",['Layer1'],"Solana (SOL) is a high-performance blockchain platform designed for decentralized applications and crypto projects, featuring fast transaction speeds and low costs. It aims to provide scalable solutions for developers…",89.16974285869983,2.92,Positive,3539800718.620965,50937047039.0,Large,0.0694936382140628,Moderate,High,matched,VerifiedStrong,SOLUSDT,89.34,4.199,370322271.22263,1412382,VeryHigh,1412382,-0.19057213040090576,-1.279,9.558703307079554,[],https://solana.com,https://github.com/solana-labs/,https://explorer.solana.com,2026-03-13T09:30:03Z,2026-03-13T09:23:37.145872+00:00
20260313T093248Z,2026-03-13T09:32:48.434304+00:00,10,24h_volume_usd_gt_150m,CoinPaprika,Binance,uni-uniswap,42,Uniswap,UNI,token,DeFi,"['Ethereum (ETH) Token (ERC-20)', 'DeFi', 'Exchange', 'Binance Coin (BNB) Token (BEP-20)', 'Huobi ECO Chain (HECO) Token', 'Optimism Ecosystem', 'Arbitrum Ecosystem', 'Polygon (MATIC) Token', 'Harmony (ONE) Token', 'Avalanche (AVAX) Token', 'Decentralized Exchange (DEX)', 'Made in USA']",['DeFi'],Uniswap (UNI) is a decentralized exchange protocol enabling users to swap various cryptocurrencies without the need for a centralized intermediary. It operates on the Ethereum blockchain and uses an automated liquidity…,4.01719551479492,2.63,Positive,155351926.93899298,2412024914.0,Mid,0.06440726463366579,Moderate,Qualified,matched,VerifiedStrong,UNIUSDT,4.024,3.738,11220434.04946,80316,Low,80316,-0.16909754485786205,-1.108,13.845447177372744,[],https://uniswap.org/,,,2026-03-13T09:30:03Z,2026-03-13T09:23:37.687789+00:00
20260313T093248Z,2026-03-13T09:32:48.434304+00:00,11,24h_volume_usd_gt_150m,CoinPaprika,Binance,avax-avalanche,31,Avalanche,AVAX,coin,Layer1,"['Cryptocurrency', 'Platform', 'Layer 1 (L1)', 'Proof Of Stake', 'High Transaction Speed (TPS)', 'Made in USA']",['Layer1'],"Avalanche (AVAX) is a decentralized platform designed for launching applications and custom blockchain networks, integrating high throughput with sub-second finality. It aims to provide a scalable and efficient solution…",9.87059500567227,2.58,Positive,309851508.91571206,4168108319.0,Mid,0.07433864122563175,Moderate,MediumHigh,matched,VerifiedStrong,AVAXUSDT,9.9,3.774,23273838.2433,83881,Low,83881,-0.29702014472455357,-1.194,13.313296486663997,[],https://avalabs.org,https://github.com/ava-labs,https://avascan.info,2026-03-13T09:30:03Z,2026-03-13T09:23:38.420890+00:00
20260313T093248Z,2026-03-13T09:32:48.434304+00:00,12,24h_volume_usd_gt_150m,CoinPaprika,Binance,bch-bitcoin-cash,14,Bitcoin Cash,BCH,coin,Layer1,"['Proof Of Work', 'Sha256', 'Payments', 'Cryptocurrency', 'Mining', 'Layer 1 (L1)', 'Smart Contracts', 'Made in USA']","['Layer1', 'Payments']","Bitcoin Cash (BCH) is a cryptocurrency that was created as a fork of Bitcoin in 2017, aiming to enable faster and cheaper transactions by increasing block size limits. It seeks to provide a more practical digital cash…",469.3511155450506,2.5,Positive,303285447.7729985,9324029290.0,Mid,0.03252729462125044,Low,MediumHigh,matched,VerifiedStrong,BCHUSDT,470.6,3.338,15261753.5676,108938,Moderate,108938,-0.2653813121439449,-0.8380000000000001,19.872254287794263,[],https://bch.info/,https://github.com/Bitcoin-ABC/bitcoin-abc,https://www.blockchain.com/explorer?view=bch,2026-03-13T09:30:02Z,2026-03-13T09:23:37.349296+00:00
20260313T093248Z,2026-03-13T09:32:48.434304+00:00,13,24h_volume_usd_gt_150m,CoinPaprika,Binance,cbbtc-coinbase-wrapped-btc,35,Coinbase Wrapped BTC,CBBTC,token,WrappedAsset,"['Ethereum (ETH) Token (ERC-20)', 'Base Ecosystem', 'Wrapped Token']",['WrappedAsset'],"Coinbase Wrapped BTC (CBBTC) is a token that represents Bitcoin on the Ethereum blockchain, allowing users to leverage Bitcoin's value within decentralized finance (DeFi) ecosystems. It retains Bitcoin's properties…",71790.06462153961,2.39,Positive,399595167.4356257,3422088800.0,Mid,0.11676937414237341,Moderate,MediumHigh,not_listed_or_no_usd_quote_found,Unverified,,,,,,Unknown,,,,,"['WrappedAsset', 'VenueCoverageLimited']",https://coinbase.com/campaigns/cbbtc,,,2026-03-13T09:30:21Z,2026-03-13T09:23:38.753598+00:00
20260313T093248Z,2026-03-13T09:32:48.434304+00:00,14,24h_volume_usd_gt_150m,CoinPaprika,Binance,btc-bitcoin,1,Bitcoin,BTC,coin,Layer1,"['Segwit', 'Cryptocurrency', 'Proof Of Work', 'Payments', 'Sha256', 'Mining', 'Lightning Network', 'Layer 1 (L1)', 'FTX Holdings']","['Layer1', 'Payments']","Bitcoin (BTC) is a decentralized digital currency that enables peer-to-peer transactions without intermediaries, using blockchain technology to ensure security and transparency. It was created in 2009 by an anonymous…",71787.79316732861,2.38,Positive,37757770309.52369,1435868929121.0,Mega,0.02629611209195673,Low,VeryHigh,matched,VerifiedStrong,BTCUSDT,71895.07,2.944,1909470462.012635,4914118,VeryHigh,4914118,-0.1492130582408494,-0.5640000000000001,19.773948359340395,[],https://bitcoin.org/,https://github.com/bitcoin/bitcoin,https://blockchair.com/bitcoin/?from=coinpaprika,2026-03-13T09:30:02Z,2026-03-13T09:23:40.123560+00:00
20260313T093248Z,2026-03-13T09:32:48.434304+00:00,15,24h_volume_usd_gt_150m,CoinPaprika,Binance,wbnb-wrapped-bnb,67,Wrapped BNB,WBNB,token,WrappedAsset,['Binance Coin (BNB) Token (BEP-20)'],['WrappedAsset'],"Wrapped BNB (WBNB) is a token that represents Binance Coin (BNB) on the Ethereum blockchain, allowing BNB to be used in decentralized applications and smart contracts. It maintains a 1:1 peg with BNB, enabling seamless…",666.0497615818663,2.35,Positive,211769334.9552533,1054255533.0,Mid,0.20087097323799705,High,Qualified,not_listed_or_no_usd_quote_found,Unverified,,,,,,Unknown,,,,,"['WrappedAsset', 'VenueCoverageLimited']",https://www.binance.org,,https://bscscan.com/token/0xbb4CdB9CBd36B01bD1cBaEBF2De08d9173bc095c,2026-03-13T09:30:03Z,2026-03-13T09:32:49.612685+00:00
