snapshot_id,captured_at_utc,captured_at_cst,top15_position,filter_rule,source_primary,source_verify,coinpaprika_id,market_cap_rank,name,symbol,asset_type,sector_primary,sector_tags,narrative_tags_normalized,narrative_summary,price_usd,change_24h_pct,momentum_bucket,volume_24h_usd,market_cap_usd,market_cap_band,turnover_ratio_24h,turnover_bucket,liquidity_bucket,binance_status,verify_grade,binance_pair,binance_last_price,binance_change_24h_pct,binance_quote_volume_usd,binance_trade_count_24h,activity_bucket,trade_activity_24h,price_diff_pct_vs_binance,change_diff_pct_points_vs_binance,volume_vs_binance_ratio,binance_perp_status,binance_perp_symbol,binance_perp_error,perp_last_price,perp_change_24h_pct,perp_quote_volume_24h,perp_trade_count_24h,open_interest_contracts_now,open_interest_value_usd_now,oi_hist_value_latest_usd,oi_change_15m_pct,oi_change_1h_pct,oi_change_4h_pct,funding_rate_latest,funding_rate_mean_24h,funding_time_latest_utc,funding_time_latest_cst,oi_hist_latest_utc,oi_hist_latest_cst,perp_to_spot_volume_ratio_24h,oi_to_perp_volume_ratio_24h,perp_premium_pct_vs_spot,structure_front_high_price,structure_stop_anchor_price,structure_atr_1h_pct,structure_snapshot_range_1h_pct,structure_vol_base_pct,structure_vol_source,structure_stop_buffer_pct,structure_stop_price,structure_stop_pct,structure_target_price_r1,structure_stop_tradable,structure_stop_window_min_pct,structure_stop_window_max_pct,kline_window_days,kline_1h_bars,kline_4h_bars,kline_1d_bars,price_change_7d_pct,price_change_4h_window_pct,price_change_1h_window_pct,max_drawdown_7d_pct,trend_1d,trend_4h,trend_1h,breakout_1h,breakout_4h,structure_score,structure_grade,structure_state,darkhorse_score,top5_potential,sustainability,risk_reward_profile,darkhorse_tag,persistence_score,persistence_label,continuation_risk,continuation_evidence,top15_persistence_hours,top15_presence_ratio_24h,top15_presence_snapshots_24h,top15_snapshot_count_24h,top15_observation_window_hours,top15_snapshot_interval_hours_est,current_episode_start_utc,current_episode_start_cst,current_episode_duration_hours,hours_to_top10,hours_to_top5,hours_to_top3,entry_to_confirmation_hours,confirmation_lag_vs_top10_h,confirmation_lag_vs_top5_h,confirmation_lag_vs_top3_h,top10_to_top5_hours,top5_to_top3_hours,top3_to_confirmation_hours,episode_snapshot_count,episode_best_rank,episode_worst_rank,episode_rank_improve_range,episode_confirmation_snapshot_index,episode_confirmation_progress_ratio,episode_best_rank_before_confirmation,episode_worst_rank_before_confirmation,pre_confirmation_rank_range,pre_confirmation_rank_std,pre_confirmation_top10_presence_ratio,pre_confirmation_top5_presence_ratio,pre_confirmation_top3_presence_ratio,path_class_v2,recent_overlap_candidate_2h,recent_overlap_window_hours,last_overlap_candidate_utc,last_overlap_candidate_cst,hours_since_last_overlap_candidate,was_in_top15_15m_ago,was_in_top15_30m_ago,was_in_top15_60m_ago,rank_change_15m,rank_change_30m,rank_change_60m,darkhorse_score_delta_30m,persistence_score_delta_30m,overlap_score_delta_30m,overlap_gate_pass,overlap_score,overlap_label,overlap_rank_signal,overlap_candidate,overlap_evidence,short_strategy_version,short_signal_name,short_setup_tier,short_setup_label,short_setup_openable,short_setup_quality_score,short_signal_openable,short_signal_quality_score,short_signal_summary,confirm_anchor_state,confirm_anchor_active,confirm_anchor_age_hours,confirm_anchor_window_hours,weakening_state,weakening_score,unwind_confirm_state,short_blockers,short_blocker_count,short_base_signal,short_standard_ready,short_sniper_ready,short_historical_default_confirm,short_historical_sniper_confirm,short_live_replacement_sniper,short_historical_default_status,short_historical_sniper_status,short_live_replacement_status,short_oi_expanding,short_premium_deep_discount,short_basis_weakening,short_top_position_unwinding,short_basis_extreme_discount,short_top_account_crowded,risk_flags,website,source_code,explorer,source_last_updated,meta_fetched_at
20260422T080501Z,2026-04-22T08:05:01.206193+00:00,2026-04-22T16:05:01.206193+08:00,1,24h_volume_usd_gt_15m_excluding_stablecoins_binance_spot_only,CoinPaprika,Binance,met-meteora,298,Meteora,MET,token,Exchange,"['Recently Added', 'Solana (SOL) Token', 'Decentralized Exchange (DEX)', 'Exchange']",['Exchange'],"Meteora (MET) is a cryptocurrency designed to support a decentralized finance ecosystem, facilitating various financial applications and services. It aims to empower users with innovative tools for managing assets and…",0.18850946162905938,30.049999237060547,Explosive,123454528.35646616,90484541.0,Small,1.3643714936506797,Extreme,Qualified,matched,VerifiedStrong,METUSDT,0.1881,29.456,22596752.35459,197994,Moderate,197994,0.21768295005815405,0.5939992370605474,5.46337484339378,matched,METUSDT,,0.1872,28.926,176745513.8207,1391796,40684227.0,7616087.2944,7662278.51903768,-1.5019621590103192,-4.382793217268819,5.239859129093262,-0.0017305,-0.00043602,2026-04-22T08:00:00+00:00,2026-04-22T16:00:00+08:00,2026-04-22T08:00:00+00:00,2026-04-22T16:00:00+08:00,7.821721946906158,0.04309069650348332,-0.47846889952152266,0.1973,0.1973,4.606212500949342,0.1594896331738409,4.606212500949342,kline_1h_atr14,1.6121743753322695,0.2004808200425306,6.582041489915258,0.17571917995746938,False,0.8,4.5,7,179,45,8,27.58865248226952,38.64306784660767,39.88095238095239,-11.618862421001461,StrongUp,StrongUp,StrongUp,NoBreakout,PriceBreakout,6,A,TrendLeader,12.0,VeryHigh,High,Asymmetric,高确定性黑马,9,PersistenceHigh,Low,1d强上行；4h强上行；1h推进；短线过热；价格验证强,10.167,0.4271,123,288,24,0.0833,2026-04-21T21:55:01.156166+00:00,2026-04-22T05:55:01.156166+08:00,10.167,0.0,0.0,0.0,1.0,1.0,1.0,1.0,0.0,0.0,1.0,123,1,2,1,13,0.106,1,2,1,0.266,1.0,1.0,1.0,FastRank_FastConfirm,True,2.0,2026-04-22T08:05:01.206193+00:00,2026-04-22T16:05:01.206193+08:00,0.0,True,True,True,0,0,0,0.0,0.0,0.0,True,18,OverlapElite,高确定性交叉候选,True,黑马强度高；持续走强强；TOP15连续在榜10.2h,post_confirm_weak_turn_v1,post_confirm_weak_turn,none,未触发,False,5,False,5,当前仍未形成可执行的后确认转弱信号。,current_confirmed,True,0.0,2.0,AnchorActive,5,PendingData,1h趋势尚未转弱,1,False,False,False,False,False,False,待补采,待补采,未点亮,False,True,False,False,False,False,"['HighTurnover', 'ShortTermOverheat']",https://meteora.ag,,,2026-04-22T08:00:17Z,2026-04-21T21:55:05.070018+00:00
20260422T080501Z,2026-04-22T08:05:01.206193+00:00,2026-04-22T16:05:01.206193+08:00,2,24h_volume_usd_gt_15m_excluding_stablecoins_binance_spot_only,CoinPaprika,Binance,spk-spark,410,Spark,SPK,token,DeFi,"['Ethereum (ETH) Token (ERC-20)', 'Binance Coin (BNB) Token (BEP-20)', 'DeFi', 'Staking', 'Yield Farming']",['DeFi'],"Spark (SPK) is a cryptocurrency that aims to enhance user engagement and rewards within decentralized finance (DeFi) ecosystems. It leverages blockchain technology to provide secure, transparent, and efficient…",0.03098280271509669,16.350000381469727,VeryStrong,33376225.299389645,52670764.0,Small,0.6336764983965231,VeryHigh,Qualified,matched,Verified,SPKUSDT,0.0312,18.137,7678309.140895,174849,Moderate,174849,-0.6961451439208594,-1.786999618530274,4.346819682164978,matched,SPKUSDT,,0.03117,18.247,25222148.12524,321568,244452743.0,7619591.99931,7543937.85204206,3.199938176327603,3.5413426183232017,8.727250741272092,5e-05,4.6377142857142856e-05,2026-04-22T08:00:00+00:00,2026-04-22T16:00:00+08:00,2026-04-22T08:00:00+00:00,2026-04-22T16:00:00+08:00,3.284857077570083,0.3020992487029689,-0.09615384615384225,0.030373,0.0312,1.9136904761904745,0.08974358974359053,1.9136904761904745,kline_1h_atr14,0.669791666666666,0.031408975,0.6697916666666748,0.030991025,False,0.8,4.5,7,239,60,10,32.27650969271536,48.656416151745944,49.72500964878425,-16.882612075667275,StrongUp,StrongUp,StrongUp,PriceBreakout,PriceBreakout,7,A,TrendLeader,14.0,VeryHigh,High,Fragile,高确定性黑马,10,PersistenceHigh,Low,1d强上行；4h强上行；1h推进,6.916,0.3333,96,288,24,0.0833,2026-04-22T01:10:01.982550+00:00,2026-04-22T09:10:01.982550+08:00,6.916,0.25,0.416,0.917,1.0,0.75,0.584,0.083,0.166,0.501,0.083,84,2,13,11,13,0.155,3,13,10,3.127,0.769,0.538,0.154,FastRank_FastConfirm,True,2.0,2026-04-22T08:05:01.206193+00:00,2026-04-22T16:05:01.206193+08:00,0.0,True,True,True,0,0,1,2.0,0.0,0.0,True,18,OverlapElite,高确定性交叉候选,True,黑马强度高；持续走强强；TOP15连续在榜6.9h,post_confirm_weak_turn_v1,post_confirm_weak_turn,none,未触发,False,4,False,4,当前仍未形成可执行的后确认转弱信号。,current_confirmed,True,0.0,2.0,AnchorActive,4,PendingData,1h趋势尚未转弱,1,False,False,False,False,False,False,待补采,待补采,未点亮,True,False,False,False,False,False,['HighTurnover'],https://spark.fi/,https://github.com/sparkdotfi/spark-alm-controller,,2026-04-22T08:00:17Z,2026-04-19T09:45:09.342885+00:00
20260422T080501Z,2026-04-22T08:05:01.206193+00:00,2026-04-22T16:05:01.206193+08:00,3,24h_volume_usd_gt_15m_excluding_stablecoins_binance_spot_only,CoinPaprika,Binance,rune-thorchain,206,THORChain,RUNE,token,DeFi,"['Blockchain Service', 'Binance Coin (BNB) Token (BEP-20)', 'Decentralized Exchange (DEX)', 'Exchange', 'DeFi', 'Proof Of Stake', 'Multicoin Capital Portfolio', 'Infrastructure']",['DeFi'],THORChain (RUNE) is a decentralized liquidity network that enables users to swap assets across different blockchains without relying on custodians. It facilitates seamless cross-chain transactions while maintaining the…,0.5027520153267878,13.90999984741211,VeryStrong,58312674.83223104,170331161.0,Small,0.34234883675941735,High,Qualified,matched,Verified,RUNEUSDT,0.506,19.34,20576332.6704,114442,Moderate,114442,-0.6418942041921324,-5.4300001525878905,2.833968315263317,matched,RUNEUSDT,,0.5058,19.152,43255969.6954,402463,12484715.0,6314768.847,6161299.7152,-1.6599753331221039,1.2673008100723242,19.391619670509,6.536e-05,4.32225e-05,2026-04-22T08:00:00+00:00,2026-04-22T16:00:00+08:00,2026-04-22T08:00:00+00:00,2026-04-22T16:00:00+08:00,2.102219593174915,0.14598606600354486,-0.039525691699600386,0.502,0.506,0.9316770186335404,0.19762845849802388,0.9316770186335404,kline_1h_atr14,0.3260869565217391,0.50765,0.3260869565217428,0.50435,False,0.8,4.5,7,187,47,8,11.678832116788332,24.875621890547254,23.645320197044327,-5.922551252847386,StrongUp,StrongUp,StrongUp,NoBreakout,PriceBreakout,6,A,TrendLeader,13.0,VeryHigh,High,Asymmetric,高确定性黑马,12,PersistenceHigh,Low,1d强上行；4h强上行；1h推进；回撤可控,18.667,0.7812,225,288,24,0.0833,2026-04-21T13:25:01.341625+00:00,2026-04-21T21:25:01.341625+08:00,18.667,0.334,7.917,11.334,1.0,0.666,,,7.583,3.417,,225,2,12,10,13,0.058,6,12,6,1.817,0.692,0.0,0.0,Unclassified,True,2.0,2026-04-22T08:05:01.206193+00:00,2026-04-22T16:05:01.206193+08:00,0.0,True,True,True,0,0,-1,-3.0,-1.0,0.0,True,20,OverlapElite,高确定性交叉候选,True,黑马强度高；持续走强强；TOP15连续在榜18.7h；24h在榜占比0.78,post_confirm_weak_turn_v1,post_confirm_weak_turn,none,未触发,False,5,False,5,当前仍未形成可执行的后确认转弱信号。,current_confirmed,True,0.0,2.0,AnchorActive,5,PendingData,1h趋势尚未转弱,1,False,False,False,False,False,False,待补采,待补采,未点亮,True,False,False,False,False,False,[],https://thorchain.org,https://github.com/thorchain,https://explorer.binance.org/asset/RUNE-B1A,2026-04-22T08:00:17Z,2026-04-21T13:25:09.106955+00:00
20260422T080501Z,2026-04-22T08:05:01.206193+00:00,2026-04-22T16:05:01.206193+08:00,4,24h_volume_usd_gt_15m_excluding_stablecoins_binance_spot_only,CoinPaprika,Binance,avantis,559,Avantis,AVNT,token,DeFi,"['DeFi', 'Decentralized Exchange (DEX)', 'Base Ecosystem']",['DeFi'],Avantis (AVNT) is a cryptocurrency that aims to provide a decentralized platform for financial services and asset management. Its focus is on creating an inclusive ecosystem for users to manage their digital assets…,0.14883215312390383,9.350000381469727,Strong,29383633.096213743,30510591.0,Small,0.9630633866192151,VeryHigh,Qualified,matched,VerifiedStrong,AVNTUSDT,0.1492,10.355,4981039.48635,42439,Low,42439,-0.246546163603333,-1.0049996185302739,5.899096599562483,matched,AVNTUSDT,,0.1484,9.926,15287756.0464,136782,38584211.0,5725896.9124,5686662.56532048,0.23252212019824683,3.752940296447995,5.487539277893348,-0.00044791,-7.814714285714286e-05,2026-04-22T08:00:00+00:00,2026-04-22T16:00:00+08:00,2026-04-22T08:00:00+00:00,2026-04-22T16:00:00+08:00,3.0691898926508094,0.37454135813138834,-0.5361930294906134,0.1462,0.1492,1.6708157793948644,0.134048257372658,1.6708157793948644,kline_1h_atr14,0.5847855227882025,0.1500725,0.5847855227882004,0.1483275,False,0.8,4.5,7,257,65,11,11.452728670253649,1.3633265167007511,1.9890260631001273,-15.833333333333332,StrongUp,Range,Range,PriceBreakout,PriceBreakout,2,C,Neutral,7.0,High,MediumHigh,Fragile,强势冲榜型,5,PersistenceMediumHigh,LowMedium,1d强上行；价格验证强,1.75,0.1701,49,288,24,0.0833,2026-04-22T06:20:01.403668+00:00,2026-04-22T14:20:01.403668+08:00,1.75,0.0,0.917,,1.75,1.75,0.833,,0.917,,,22,4,10,6,22,1.0,4,10,6,1.497,1.0,0.455,0.0,SlowRank_FastConfirm,True,2.0,2026-04-22T08:05:01.206193+00:00,2026-04-22T16:05:01.206193+08:00,0.0,True,True,True,0,1,2,2.0,5.0,7.0,True,11,OverlapConfirmed,已确认跟踪候选,True,黑马达标；持续走强达标；TOP15连续在榜1.8h,post_confirm_weak_turn_v1,post_confirm_weak_turn,none,未触发,False,5,False,5,当前仍未形成可执行的后确认转弱信号。,current_confirmed,True,0.0,2.0,AnchorActive,5,LiveSniperConfirmed,30m交叉分仍在上行,1,False,False,False,False,False,True,待补采,待补采,已点亮,True,True,False,False,False,False,['HighTurnover'],https://www.avantisfi.com,,,2026-04-22T08:00:17Z,2026-04-18T15:50:09.235177+00:00
20260422T080501Z,2026-04-22T08:05:01.206193+00:00,2026-04-22T16:05:01.206193+08:00,5,24h_volume_usd_gt_15m_excluding_stablecoins_binance_spot_only,CoinPaprika,Binance,strk-starknet,169,Starknet,STRK,token,Ethereum (ETH) Token (ERC-20),"['Ethereum (ETH) Token (ERC-20)', 'Layer 2 (L2)']",['Ethereum (ETH) Token (ERC-20)'],"Starknet (STRK) is a decentralized, scalable Layer 2 solution for Ethereum that utilizes zero-knowledge rollups to enhance transaction speed and reduce costs. It aims to provide a secure and efficient environment for…",0.039883325477761127,8.789999961853027,Strong,41850587.973546416,233536037.0,Small,0.17920398286773367,High,Qualified,matched,VerifiedStrong,STRKUSDT,0.0398,8.447,7540048.315282,34929,Low,34929,0.20936049688724742,0.34299996185302817,5.5504402921032465,matched,STRKUSDT,,0.03967,8.477,23012780.77541,250053,208210186.4,8259698.094488,8308872.72062131,0.5128968610179497,-1.0598863032913517,-2.508122972965982,5e-05,5e-05,2026-04-22T08:00:00+00:00,2026-04-22T16:00:00+08:00,2026-04-22T08:00:00+00:00,2026-04-22T16:00:00+08:00,3.052073383769732,0.3589178628648733,-0.3266331658291586,0.0405,0.0405,1.7587939698492479,0.0,1.7587939698492479,kline_1h_atr14,0.6155778894472367,0.04074930904522613,2.3851986060958064,0.03885069095477387,True,0.8,4.5,7,318,80,13,9.455587392550136,20.909090909090896,22.39263803680982,-10.584958217270207,Up,StrongUp,StrongUp,NoBreakout,NoBreakout,5,B,Strong,10.0,VeryHigh,High,Fragile,高确定性黑马,9,PersistenceHigh,Low,1d上行；4h强上行；1h推进；价格验证强,7.833,0.4062,117,288,24,0.0833,2026-04-22T00:15:01.637166+00:00,2026-04-22T08:15:01.637166+08:00,7.833,0.917,2.667,2.917,1.0,0.083,,,1.75,0.25,,95,3,15,12,13,0.137,9,15,6,1.955,0.154,0.0,0.0,Unclassified,True,2.0,2026-04-22T08:05:01.206193+00:00,2026-04-22T16:05:01.206193+08:00,0.0,True,True,True,1,-1,-1,0.0,-1.0,0.0,True,18,OverlapElite,高确定性交叉候选,True,黑马强度高；持续走强强；TOP15连续在榜7.8h,post_confirm_weak_turn_v1,post_confirm_weak_turn,none,未触发,False,5,False,5,当前仍未形成可执行的后确认转弱信号。,current_confirmed,True,0.0,2.0,AnchorActive,5,PendingData,1h趋势尚未转弱,1,False,False,False,False,False,False,待补采,待补采,未点亮,False,False,False,False,False,False,[],https://starknet.io/,https://github.com/starkware-libs,,2026-04-22T08:00:17Z,2026-04-16T02:05:06.360561+00:00
20260422T080501Z,2026-04-22T08:05:01.206193+00:00,2026-04-22T16:05:01.206193+08:00,6,24h_volume_usd_gt_15m_excluding_stablecoins_binance_spot_only,CoinPaprika,Binance,sei-sei,127,Sei,SEI,coin,Layer1,"['Layer 1 (L1)', 'Made in USA', 'Real World Assets (RWA)']",['Layer1'],"Sei (SEI) is a specialized layer-1 blockchain designed for trading applications, prioritizing performance, security, and user experience. It aims to provide a fast and scalable environment for decentralized exchanges…",0.06084272783434665,8.260000228881836,Strong,56643186.383515716,365461985.0,Small,0.15499063844770536,High,Qualified,matched,VerifiedStrong,SEIUSDT,0.06079,8.36,11678365.726293,152390,Moderate,152390,0.08673767781978901,-0.0999997711181635,4.8502665279601285,matched,SEIUSDT,,0.06074,8.31,32788465.46381,307986,232013400.0,14092493.916000001,14094827.1268,-0.289652506856024,-0.37070247442668824,5.1758472088659975,-5.441e-05,2.7947500000000003e-05,2026-04-22T08:00:00+00:00,2026-04-22T16:00:00+08:00,2026-04-22T08:00:00+00:00,2026-04-22T16:00:00+08:00,2.8076244769410783,0.42980034950261625,-0.08225037012665651,0.06167,0.06167,1.36653114939017,0.09870044415199468,1.36653114939017,kline_1h_atr14,0.47828590228655943,0.06196495891594012,1.9328161143940203,0.05961504108405987,True,0.8,4.5,7,174,44,7,0.5610336620197278,13.020059435364045,12.269372693726943,-10.069790628115646,Range,StrongUp,StrongUp,NoBreakout,PriceBreakout,2,C,Neutral,6.0,Medium,Medium,Fragile,可跟踪候选,9,PersistenceHigh,Low,4h强上行；1h推进；价格验证强,4.916,0.2222,64,288,24,0.0833,2026-04-22T03:10:01.829357+00:00,2026-04-22T11:10:01.829357+08:00,4.916,0.416,2.167,,1.833,1.417,,,1.751,,,60,4,14,10,23,0.383,7,14,7,2.531,0.565,0.0,0.0,Unclassified,False,2.0,2026-04-22T05:55:01.550818+00:00,2026-04-22T13:55:01.550818+08:00,2.167,True,True,True,-1,0,-1,1.0,1.0,0.0,False,12,OverlapConfirmed,已确认跟踪候选,False,黑马分未达标,post_confirm_weak_turn_v1,post_confirm_weak_turn,none,未触发,False,4,False,4,当前仍未形成可执行的后确认转弱信号。,inactive,False,2.167,2.0,Inactive,4,PendingData,当前及近2h未进入确认锚点,1,False,False,False,False,False,False,待补采,待补采,未点亮,False,False,False,False,False,False,[],https://www.sei.io/,https://github.com/sei-protocol,https://sei.explorers.guru/,2026-04-22T08:00:17Z,2026-04-22T02:45:11.853268+00:00
20260422T080501Z,2026-04-22T08:05:01.206193+00:00,2026-04-22T16:05:01.206193+08:00,7,24h_volume_usd_gt_15m_excluding_stablecoins_binance_spot_only,CoinPaprika,Binance,dash-dash,113,Dash,DASH,coin,Payments,"['Cryptocurrency', 'Payments', 'Masternode', 'Proof Of Work', 'X11', 'Privacy & Security', 'Mining', 'Premine', 'Governance', 'Alleged SEC Securities', 'Proof Of Stake', 'Made in USA']",['Payments'],"Dash (DASH) is a digital currency that enables fast, low-cost transactions and enhanced privacy features through its unique two-tier network. It aims to provide a user-friendly experience for everyday transactions.",36.94648165756558,7.670000076293945,Strong,137409508.34432566,468021440.0,Small,0.29359661032692363,High,Qualified,matched,VerifiedStrong,DASHUSDT,36.9,7.236,18999102.25924,107438,Moderate,107438,0.12596655166823542,0.43400007629394555,7.232421114923895,matched,DASHUSDT,,36.88,7.272,59475090.99,441109,417001.424,15379012.517120002,15385782.72624,-0.2610566717115218,0.3899699548176695,0.001799961705416204,2.495e-05,-8.312249999999999e-05,2026-04-22T08:00:00+00:00,2026-04-22T16:00:00+08:00,2026-04-22T08:05:00+00:00,2026-04-22T16:05:00+08:00,3.130415857469,0.25857904983627167,-0.054200542005409275,37.07,37.07,1.3704994192799067,0.027100271002704637,1.3704994192799067,kline_1h_atr14,0.4796747967479673,37.24781544715447,0.9425892876814945,36.552184552845524,True,0.8,4.5,7,186,47,8,-3.393843725335436,-2.8421052631578902,-7.166205682675386,-15.740507920543134,Down,Down,Down,NoBreakout,NoBreakout,-3,D,Weak,-2.0,VeryLow,VeryLow,Fragile,高噪音非优先,-4,PersistenceVeryLow,High,1d转弱；4h转弱；价格验证强,5.083,0.5104,147,288,24,0.0833,2026-04-22T03:00:02.097268+00:00,2026-04-22T11:00:02.097268+08:00,5.083,0.75,,,,,,,,,,62,7,14,7,,,7,14,7,2.302,0.758,0.0,0.0,Unclassified,False,2.0,,,,True,True,True,0,1,0,0.0,-1.0,1.0,False,2,OverlapWeak,未确认候选,False,黑马分未达标；持续走强分未达标；延续风险过高；中周期趋势转弱,post_confirm_weak_turn_v1,post_confirm_weak_turn,none,未触发,False,6,False,6,当前仍未形成可执行的后确认转弱信号。,inactive,False,,2.0,Inactive,6,PendingData,当前及近2h未进入确认锚点,1,False,False,False,False,False,False,待补采,待补采,未点亮,True,False,False,False,False,False,[],https://www.dash.org/,https://github.com/dashpay,https://explorer.dash.org,2026-04-22T08:00:17Z,2026-04-21T14:45:09.448949+00:00
20260422T080501Z,2026-04-22T08:05:01.206193+00:00,2026-04-22T16:05:01.206193+08:00,8,24h_volume_usd_gt_15m_excluding_stablecoins_binance_spot_only,CoinPaprika,Binance,neiro-first-neiro-on-ethereum,503,First Neiro On Ethereum,NEIRO,token,Ethereum (ETH) Token (ERC-20),['Ethereum (ETH) Token (ERC-20)'],['Ethereum (ETH) Token (ERC-20)'],First Neiro On Ethereum (NEIRO) is a blockchain project utilizing the Ethereum platform to enhance decentralized applications and promote community engagement through its unique ecosystem. It aims to innovate within the…,8.879346721581313e-05,7.139999866485596,Strong,21336448.638429016,37354523.0,Small,0.5711878221127068,VeryHigh,Qualified,matched,Verified,NEIROUSDT,8.961e-05,7.575,5855357.97400735,213802,Moderate,213802,-0.911207213689178,-0.4350001335144045,3.6439187378712146,matched,NEIROUSDT,,8.945e-05,7.306,19394848.05475272,372288,67749456338.0,6060188.869434101,6001750.17710212,4.19969509237897,5.589626333604887,6.266138706148727,5e-05,-9.207142857142858e-06,2026-04-22T08:00:00+00:00,2026-04-22T16:00:00+08:00,2026-04-22T08:00:00+00:00,2026-04-22T16:00:00+08:00,3.3123249066664786,0.3124638487667372,-0.17855150094855313,8.82e-05,8.961e-05,2.0413856871841443,1.5958040397277145,2.0413856871841443,kline_1h_atr14,0.7144849905144505,9.025025e-05,0.7144849905144524,8.896975e-05,False,0.8,4.5,7,333,84,14,49.74428912376407,52.94217977144806,51.572008113590265,-41.18889779267138,StrongUp,StrongUp,StrongUp,PriceBreakout,PriceBreakout,6,A,TrendLeader,10.0,VeryHigh,High,Fragile,高确定性黑马,7,PersistenceMediumHigh,LowMedium,1d强上行；4h强上行；1h推进；回撤过深,0.0,0.0208,6,288,24,0.0833,2026-04-22T08:05:01.206193+00:00,2026-04-22T16:05:01.206193+08:00,0.0,0.0,,,,,,,,,,1,8,8,0,,,8,8,0,,1.0,0.0,0.0,Unclassified,False,2.0,,,,True,True,False,6,6,,1.0,0.0,1.0,False,11,OverlapConfirmed,已确认跟踪候选,False,在榜时长不足1h,post_confirm_weak_turn_v1,post_confirm_weak_turn,none,未触发,False,2,False,2,当前仍未形成可执行的后确认转弱信号。,inactive,False,,2.0,Inactive,2,PendingData,当前及近2h未进入确认锚点,1,False,False,False,False,False,False,待补采,待补采,未点亮,True,False,False,False,False,False,['HighTurnover'],https://www.neirooneth.xyz,,,2026-04-22T08:00:17Z,2026-04-15T11:52:42.078425+00:00
20260422T080501Z,2026-04-22T08:05:01.206193+00:00,2026-04-22T16:05:01.206193+08:00,9,24h_volume_usd_gt_15m_excluding_stablecoins_binance_spot_only,CoinPaprika,Binance,eul-euler,585,Euler,EUL,token,Ethereum (ETH) Token (ERC-20),['Ethereum (ETH) Token (ERC-20)'],['Ethereum (ETH) Token (ERC-20)'],Euler (EUL) is a decentralized finance protocol that aims to provide users with tools for yield generation and asset management through innovative financial products. It leverages the power of blockchain technology to…,1.4913887633577285,7.03000020980835,Strong,25614232.436477557,27867389.0,Small,0.9191471951849367,VeryHigh,Qualified,matched,VerifiedLoose,EULUSDT,1.476,5.731,5576058.18062,88701,Low,88701,1.0425991434775435,1.2990002098083497,4.593609249900172,matched,EULUSDT,,1.4731,5.417,21919670.87385,957451,3306065.3,4870164.79343,4870673.80448,-0.8709558276143602,-1.3692856329489016,-3.2654426624864166,5e-05,5e-05,2026-04-22T08:00:00+00:00,2026-04-22T16:00:00+08:00,2026-04-22T08:05:00+00:00,2026-04-22T16:05:00+08:00,3.9310333866374325,0.22218238683684202,-0.1964769647696411,1.502,1.502,1.7034456058846255,0.06775067750678265,1.7034456058846255,kline_1h_atr14,0.5962059620596188,1.5109550135501355,2.368225850280181,1.4410449864498645,True,0.8,4.5,7,290,73,12,37.5355450236967,37.17712177121771,50.35389282103135,-31.428571428571434,StrongUp,StrongUp,StrongUp,NoBreakout,NoBreakout,5,B,Strong,7.0,High,MediumHigh,Fragile,强势冲榜型,5,PersistenceMediumHigh,LowMedium,1d强上行；4h强上行；1h推进；回撤过深,1.833,0.9618,277,288,24,0.0833,2026-04-22T06:15:01.153941+00:00,2026-04-22T14:15:01.153941+08:00,1.833,0.083,0.334,,1.0,0.917,0.666,,0.251,,,23,4,15,11,13,0.565,4,15,11,3.222,0.846,0.308,0.0,FastRank_FastConfirm,True,2.0,2026-04-22T08:05:01.206193+00:00,2026-04-22T16:05:01.206193+08:00,0.0,True,True,True,2,-2,-1,-1.0,-2.0,-2.0,True,12,OverlapConfirmed,已确认跟踪候选,True,黑马达标；持续走强达标；TOP15连续在榜1.8h；24h在榜占比0.96；回撤偏深,post_confirm_weak_turn_v1,post_confirm_weak_turn,none,未触发,False,6,False,6,当前仍未形成可执行的后确认转弱信号。,current_confirmed,True,0.0,2.0,AnchorActive,6,PendingData,1h趋势尚未转弱,1,False,False,False,False,False,False,待补采,待补采,未点亮,False,False,False,False,False,False,['HighTurnover'],https://www.euler.finance,https://github.com/euler-xyz,https://etherscan.io/token/0xd9Fcd98c322942075A5C3860693e9f4f03AAE07b,2026-04-22T08:00:17Z,2026-04-17T06:15:05.105927+00:00
20260422T080501Z,2026-04-22T08:05:01.206193+00:00,2026-04-22T16:05:01.206193+08:00,10,24h_volume_usd_gt_15m_excluding_stablecoins_binance_spot_only,CoinPaprika,Binance,xmr-monero,20,Monero,XMR,coin,Cryptocurrency,"['Cryptocurrency', 'Cryptonight', 'Proof Of Work', 'Privacy & Security', 'Mining']",['Cryptocurrency'],Monero (XMR) is a privacy-focused cryptocurrency that utilizes advanced cryptographic techniques to ensure secure and anonymous transactions. It aims to provide users with complete control over their financial privacy.,386.7587541002596,6.909999847412109,Strong,234866328.72959465,7134439726.0,Mid,0.032920080307592,Low,Qualified,matched,VerifiedLoose,XMRUSDT,118.7,4.766,574681.0774,4001,Low,4001,225.8287734627292,2.1439998474121094,408.68985941243847,matched,XMRUSDT,,386.8,6.901,66916482.49,709639,73669.526,28495372.6568,28518256.51831839,0.273130994192164,0.7039148744626262,0.8437589178498397,0.0001,0.000200895,2026-04-22T08:00:00+00:00,2026-04-22T16:00:00+08:00,2026-04-22T08:00:00+00:00,2026-04-22T16:00:00+08:00,116.4410750963766,0.4258348854642554,225.8635214827296,,,,,,,,,,,,,,7,0,0,0,,,,,Unknown,Unknown,Unknown,Unknown,Unknown,0,C,Neutral,-1.0,VeryLow,VeryLow,Unknown,高噪音非优先,-1,PersistenceLow,MediumHigh,证据不足,15.0,0.6979,201,288,24,0.0833,2026-04-21T17:05:01.329893+00:00,2026-04-22T01:05:01.329893+08:00,15.0,1.0,4.167,,,,,,3.167,,,181,4,15,11,,,4,15,11,2.344,0.829,0.149,0.0,Unclassified,False,2.0,,,,True,True,True,-1,0,1,0.0,0.0,0.0,False,4,OverlapWeak,未确认候选,False,黑马分未达标；持续走强分未达标,post_confirm_weak_turn_v1,post_confirm_weak_turn,none,未触发,False,4,False,4,当前仍未形成可执行的后确认转弱信号。,inactive,False,,2.0,Inactive,4,PendingData,当前及近2h未进入确认锚点,1,False,False,False,False,False,False,待补采,待补采,未点亮,True,False,False,False,False,False,[],https://getmonero.org/,https://github.com/monero-project/monero,https://xmr.tokenview.com,2026-04-22T08:00:17Z,2026-04-19T02:35:08.486244+00:00
20260422T080501Z,2026-04-22T08:05:01.206193+00:00,2026-04-22T16:05:01.206193+08:00,11,24h_volume_usd_gt_15m_excluding_stablecoins_binance_spot_only,CoinPaprika,Binance,saga-saga,1038,Saga,SAGA,coin,Layer1,"['Layer 1 (L1)', 'Gaming', 'Binance Launchpool', 'Infrastructure']",['Layer1'],Saga (SAGA) is a decentralized blockchain platform designed to facilitate the creation and management of decentralized applications and smart contracts. It aims to enhance user experience by providing a seamless and…,0.018697426046610694,6.670000076293945,Strong,21232102.85981929,7107800.0,Small,2.9871553588760644,Extreme,Qualified,matched,VerifiedStrong,SAGAUSDT,0.01876,8.943,5482668.361401,88560,Low,88560,-0.33354985815194454,-2.2729999237060543,3.8725856572498936,matched,SAGAUSDT,,0.01871,8.779,12605271.167221,208673,245477703.9,4592887.839969001,4582437.75557372,1.5485455587211827,1.556298288814223,0.3338874210189515,5e-05,-9.334285714285714e-05,2026-04-22T08:00:00+00:00,2026-04-22T16:00:00+08:00,2026-04-22T08:00:00+00:00,2026-04-22T16:00:00+08:00,2.299112464281889,0.3643624781283911,-0.2665245202558527,0.01851,0.01876,1.6524520255863568,0.0,1.6524520255863568,kline_1h_atr14,0.5783582089552248,0.0188685,0.5783582089552208,0.018651499999999998,False,0.8,4.5,7,186,47,8,-32.24489795918368,-30.8259587020649,-33.87381036305957,-44.527932048350216,StrongDown,StrongDown,StrongDown,NoBreakout,NoBreakout,-7,D,Weak,-12.0,VeryLow,VeryLow,Fragile,高噪音非优先,-11,PersistenceVeryLow,High,1d转弱；4h转弱；回撤过深；换手过热；价格验证强,0.166,0.2604,75,288,24,0.0833,2026-04-22T07:55:01.947317+00:00,2026-04-22T15:55:01.947317+08:00,0.166,0.0,,,,,,,,,,3,10,11,1,,,10,11,1,0.471,0.333,0.0,0.0,Unclassified,False,2.0,,,,True,False,True,-1,,-1,,,,False,-4,OverlapWeak,未确认候选,False,黑马分未达标；持续走强分未达标；在榜时长不足1h；延续风险过高；中周期趋势转弱,post_confirm_weak_turn_v1,post_confirm_weak_turn,none,未触发,False,4,False,4,当前仍未形成可执行的后确认转弱信号。,inactive,False,,2.0,Inactive,4,PendingData,当前及近2h未进入确认锚点,1,False,False,False,False,False,False,待补采,待补采,未点亮,True,False,False,False,False,False,['HighTurnover'],https://www.saga.xyz/,https://github.com/sagaxyz/ssc,,2026-04-22T08:00:17Z,2026-04-21T14:55:10.369050+00:00
20260422T080501Z,2026-04-22T08:05:01.206193+00:00,2026-04-22T16:05:01.206193+08:00,12,24h_volume_usd_gt_15m_excluding_stablecoins_binance_spot_only,CoinPaprika,Binance,kite-kite-ai,156,Kite,KITE,token,Layer1,"['Avalanche (AVAX) Token', 'Binance Coin (BNB) Token (BEP-20)', 'Ethereum (ETH) Token (ERC-20)', 'AI Agents', 'Layer 1 (L1)', 'Recently Added']",['Layer1'],Kite (KITE) is a cryptocurrency designed to facilitate secure and efficient peer-to-peer transactions within its ecosystem. It aims to enhance user experience through innovative features and strong community engagement.,0.15118090617219065,6.329999923706055,Strong,25913610.911794674,272125631.0,Small,0.09522664519533874,Moderate,Qualified,matched,Verified,KITEUSDT,0.1502,5.924,4573765.55599,57116,Low,57116,0.6530666925370534,0.4059999237060543,5.665705990954673,matched,KITEUSDT,,0.15031,6.106,14138112.36218,369286,223162740.0,33543591.4494,33782543.00897734,-0.10413296784695732,1.0596941044461052,0.27640294816550637,6.311e-05,0.00013667285714285713,2026-04-22T08:00:00+00:00,2026-04-22T16:00:00+08:00,2026-04-22T08:00:00+00:00,2026-04-22T16:00:00+08:00,3.0911318451082654,2.372565063150185,0.07323568575232955,0.1496,0.1502,0.8369792657409145,0.13315579227696786,0.8369792657409145,kline_1h_atr14,0.29294274300932005,0.15064000000000002,0.2929427430093279,0.14975999999999998,False,0.8,4.5,7,326,82,14,14.140625000000004,13.25842696629213,11.340206185567007,-15.17067003792667,StrongUp,StrongUp,StrongUp,PriceBreakout,PriceBreakout,4,B,Strong,7.0,High,MediumHigh,Fragile,强势冲榜型,8,PersistenceHigh,Low,1d强上行；4h强上行；1h推进,1.667,0.5,144,288,24,0.0833,2026-04-22T06:25:01.161887+00:00,2026-04-22T14:25:01.161887+08:00,1.667,0.333,,,1.584,1.251,,,,,,21,8,15,7,20,0.952,8,15,7,1.982,0.65,0.0,0.0,Unclassified,True,2.0,2026-04-22T08:05:01.206193+00:00,2026-04-22T16:05:01.206193+08:00,0.0,True,True,True,-4,-3,1,1.0,-1.0,3.0,True,15,OverlapStrong,强确认趋势候选,True,黑马达标；持续走强强；TOP15连续在榜1.7h；24h在榜占比0.50,post_confirm_weak_turn_v1,post_confirm_weak_turn,none,未触发,False,4,False,4,当前仍未形成可执行的后确认转弱信号。,current_confirmed,True,0.0,2.0,AnchorActive,4,PendingData,1h趋势尚未转弱,1,False,False,False,False,False,False,待补采,待补采,未点亮,True,False,False,False,False,False,[],https://www.gokite.ai,,,2026-04-22T08:00:17Z,2026-04-15T18:05:08.107064+00:00
20260422T080501Z,2026-04-22T08:05:01.206193+00:00,2026-04-22T16:05:01.206193+08:00,13,24h_volume_usd_gt_15m_excluding_stablecoins_binance_spot_only,CoinPaprika,Binance,w-wormhole,325,Wormhole,W,token,Solana (SOL) Token,"['Solana (SOL) Token', 'Base Ecosystem', 'Optimism Ecosystem', 'Arbitrum Ecosystem', 'Ethereum (ETH) Token (ERC-20)']",['Solana (SOL) Token'],"Wormhole (W) is a decentralized cross-chain messaging protocol that enables seamless interoperability between different blockchain networks. It allows users to transfer assets and data across various platforms,…",0.01324022938535598,6.309999942779541,Strong,21655518.093108114,76043999.0,Small,0.284776160879021,High,Qualified,matched,VerifiedStrong,WUSDT,0.0133,7.258,2548524.35205,14879,Low,14879,-0.44940311762420027,-0.948000057220459,8.497277287418775,matched,WUSDT,,0.01322,6.014,10788642.071911,76695,344367118.3,4552533.303926,4556738.043906,-0.15663822435568073,0.943308021470016,3.1249439714217955,-0.00021453,9.700000000000026e-07,2026-04-22T08:00:00+00:00,2026-04-22T16:00:00+08:00,2026-04-22T08:00:00+00:00,2026-04-22T16:00:00+08:00,4.23328977148394,0.42197463532309093,-0.6015037593984849,0.0133,0.0133,2.1482277121374858,1.5037593984962314,2.1482277121374858,kline_1h_atr14,0.7518796992481199,0.0134,0.7518796992481258,0.013199999999999998,False,0.8,4.5,7,230,58,10,6.451612903225809,9.090909090909093,6.451612903225809,-10.447761194029852,Up,Up,Up,NoBreakout,NoBreakout,3,B,Strong,8.0,High,MediumHigh,Fragile,强势冲榜型,7,PersistenceMediumHigh,LowMedium,1d上行；4h上行；价格验证强,0.5,0.0417,12,288,24,0.0833,2026-04-22T07:35:01.877480+00:00,2026-04-22T15:35:01.877480+08:00,0.5,0.25,,,,,,,,,,7,10,13,3,,,10,13,3,1.125,0.143,0.0,0.0,Unclassified,False,2.0,,,,True,True,True,-3,0,2,0.0,-1.0,0.0,False,13,OverlapStrong,强确认趋势候选,False,在榜时长不足1h,post_confirm_weak_turn_v1,post_confirm_weak_turn,none,未触发,False,5,False,5,当前仍未形成可执行的后确认转弱信号。,inactive,False,,2.0,Inactive,5,LiveSniperConfirmed,当前及近2h未进入确认锚点,1,False,False,False,False,False,True,待补采,待补采,已点亮,True,True,False,False,False,False,[],https://wormhole.com/,,,2026-04-22T08:00:17Z,2026-04-19T18:30:08.755528+00:00
20260422T080501Z,2026-04-22T08:05:01.206193+00:00,2026-04-22T16:05:01.206193+08:00,14,24h_volume_usd_gt_15m_excluding_stablecoins_binance_spot_only,CoinPaprika,Binance,bome-book-of-meme,485,BOOK OF MEME,BOME,token,Meme,"['Solana (SOL) Token', 'Meme Coin']",['Meme'],"BOOK OF MEME (BOME) is a cryptocurrency that combines meme culture with decentralized finance, offering unique community-driven features and rewards. It aims to engage users through interactive content and social…",0.0005734568460046951,6.289999961853027,Strong,32770695.366219904,39568327.0,Small,0.828205230062416,VeryHigh,Qualified,matched,VerifiedStrong,BOMEUSDT,0.000574,5.321,6358602.465644,93690,Low,93690,-0.0946261315862164,0.9689999618530276,5.153757534502652,matched,BOMEUSDT,,0.0005729,5.332,36653907.0026443,557975,9461695408.0,5420605.2992432,5420978.5141314,1.050337109681525,-0.9412243157208835,1.1110145067619073,-0.00014402,-8.332285714285714e-05,2026-04-22T08:00:00+00:00,2026-04-22T16:00:00+08:00,2026-04-22T08:00:00+00:00,2026-04-22T16:00:00+08:00,5.764459596379562,0.1478861530055212,-0.19163763066201614,0.000576,0.000576,3.2976605276256885,0.6968641114982559,3.2976605276256885,kline_1h_atr14,1.154181184668991,0.0005826480836236934,1.5066347776469424,0.0005653519163763065,True,0.8,4.5,7,317,80,13,41.83168316831684,47.9381443298969,48.70466321243522,-35.77533577533577,StrongUp,StrongUp,StrongUp,NoBreakout,NoBreakout,5,B,Strong,7.0,High,MediumHigh,Fragile,强势冲榜型,5,PersistenceMediumHigh,LowMedium,1d强上行；4h强上行；1h推进；回撤过深；情绪属性偏强；价格验证强,0.0,0.0243,7,288,24,0.0833,2026-04-22T08:05:01.206193+00:00,2026-04-22T16:05:01.206193+08:00,0.0,,,,,,,,,,,1,14,14,0,,,14,14,0,,0.0,0.0,0.0,Unclassified,False,2.0,,,,False,False,True,,,1,,,,False,8,OverlapWatch,观察中候选,False,在榜时长不足1h,post_confirm_weak_turn_v1,post_confirm_weak_turn,none,未触发,False,3,False,3,当前仍未形成可执行的后确认转弱信号。,inactive,False,,2.0,Inactive,3,PendingData,当前及近2h未进入确认锚点,1,False,False,False,False,False,False,待补采,待补采,未点亮,False,False,False,False,False,False,"['MemeVolatility', 'HighTurnover']",,,https://solscan.io/address/ukHH6c7mMyiWCf1b9pnWe25TSpkDDt3H5pQZgZ74J82,2026-04-22T08:00:17Z,2026-04-16T03:15:06.818349+00:00
20260422T080501Z,2026-04-22T08:05:01.206193+00:00,2026-04-22T16:05:01.206193+08:00,15,24h_volume_usd_gt_15m_excluding_stablecoins_binance_spot_only,CoinPaprika,Binance,giggle-giggle-fund-1,506,Giggle Fund,GIGGLE,token,Meme,"['Binance Coin (BNB) Token (BEP-20)', 'Meme Coin', 'Recently Added']",['Meme'],Giggle Fund (GIGGLE) is a cryptocurrency project aimed at promoting fun and entertainment through community engagement and social events. It seeks to leverage blockchain technology to create a playful ecosystem for its…,36.98429975696074,6.119999885559082,Strong,31056627.28290146,36984299.0,Small,0.8397246432304005,VeryHigh,Qualified,matched,VerifiedStrong,GIGGLEUSDT,37.07,4.364,14112848.85933,158483,Moderate,158483,-0.23118490164354627,1.7559998855590822,2.200592353284499,matched,GIGGLEUSDT,,36.97,4.761,55910873.2816,556182,293935.87,10866809.1139,10881732.8655,0.7734259504407526,-0.033681596288051834,-4.193411771571264,5e-05,2.282714285714286e-05,2026-04-22T08:00:00+00:00,2026-04-22T16:00:00+08:00,2026-04-22T08:00:00+00:00,2026-04-22T16:00:00+08:00,3.9616999968533877,0.19435949531978094,-0.2697599136768315,37.46,37.46,1.5183629426952887,1.159967628810358,1.5183629426952887,kline_1h_atr14,0.531427029943351,37.65907256541678,1.5890816439621647,36.48092743458322,True,0.8,4.5,7,280,70,12,12.17890601390146,34.877781831448374,38.72420262664165,-42.98675376519688,StrongUp,StrongUp,StrongUp,NoBreakout,NoBreakout,4,B,Strong,7.0,High,MediumHigh,Fragile,强势冲榜型,6,PersistenceMediumHigh,LowMedium,1d强上行；4h强上行；1h推进；回撤过深；情绪属性偏强；价格验证强,0.166,0.7812,225,288,24,0.0833,2026-04-22T07:55:01.947317+00:00,2026-04-22T15:55:01.947317+08:00,0.166,,,,,,,,,,,3,14,15,1,,,14,15,1,0.471,0.0,0.0,0.0,Unclassified,False,2.0,2026-04-22T04:45:01.897506+00:00,2026-04-22T12:45:01.897506+08:00,3.333,True,True,False,0,0,,0.0,-1.0,0.0,False,11,OverlapConfirmed,已确认跟踪候选,False,在榜时长不足1h,post_confirm_weak_turn_v1,post_confirm_weak_turn,none,未触发,False,4,False,4,当前仍未形成可执行的后确认转弱信号。,inactive,False,3.333,2.0,Inactive,4,PendingData,当前及近2h未进入确认锚点,1,False,False,False,False,False,False,待补采,待补采,未点亮,False,False,False,False,False,False,"['MemeVolatility', 'HighTurnover']",,,https://bscscan.com/token/0x20d6015660b3fe52e6690a889b5c51f69902ce0e,2026-04-22T08:00:17Z,2026-04-17T16:05:08.601335+00:00
